userId,courseId,score,timeSpent
80,23,17,11
114,49,48,139
191,41,11,94
146,36,82,202
113,66,1,28
102,68,80,189
115,46,36,232
191,89,86,235
9,4,4,151
45,43,100,203
102,79,36,215
139,2,59,126
198,22,71,8
56,75,32,2
31,37,41,129
84,39,63,105
184,72,56,101
26,98,18,95
113,72,83,36
166,10,66,63
93,29,23,198
44,32,58,221
116,19,30,117
182,76,32,197
168,49,52,60
49,65,52,231
82,46,28,106
133,91,68,220
175,64,64,193
165,48,2,64
114,19,60,161
131,86,18,162
106,67,26,177
4,19,53,228
86,11,93,165
80,48,27,190
28,13,65,225
69,84,78,23
65,92,59,13
69,20,78,48
28,37,65,154
199,18,49,97
153,14,86,34
8,23,25,25
6,33,21,167
83,45,51,8
70,96,67,2
168,76,10,140
150,74,83,23
73,95,12,233
41,21,54,105
24,75,8,192
63,96,5,206
63,18,33,165
192,20,43,191
43,67,12,56
93,55,61,51
188,28,52,18
104,78,22,51
11,4,73,29
142,98,66,179
10,53,60,224
178,78,90,227
106,17,42,183
20,30,75,65
112,42,53,83
192,64,1,191
120,8,9,77
171,46,30,173
175,12,21,3
145,76,74,71
189,57,83,34
100,94,32,7
78,4,82,220
93,38,72,131
62,38,13,115
166,26,98,28
76,66,39,15
146,90,82,43
109,30,29,172
92,70,34,2
60,12,59,125
176,89,92,70
84,58,10,108
180,46,19,11
40,21,29,78
143,79,92,195
157,17,65,206
98,70,100,138
129,78,2,228
190,98,59,40
122,79,8,190
39,50,15,231
7,11,66,132
169,7,96,216
168,37,62,188
185,82,32,211
188,45,49,15
104,46,45,42
96,31,16,96
39,37,64,20
46,15,53,233
11,66,44,62
86,71,61,123
149,80,33,232
86,100,55,93
93,87,45,154
199,38,10,47
51,14,85,75
11,20,92,124
78,41,17,150
37,40,97,51
36,94,81,216
93,44,95,19
165,28,21,85
173,80,4,60
190,74,84,91
136,72,72,34
116,88,30,147
164,2,48,78
110,57,0,116
43,73,47,3
118,38,87,57
150,5,20,91
110,85,34,186
48,76,9,60
179,6,50,149
145,67,46,83
8,18,17,84
196,84,3,49
119,18,42,73
84,11,76,14
56,83,35,226
79,26,69,128
144,74,28,128
50,100,98,93
38,47,80,176
139,22,70,72
88,84,83,26
21,81,48,46
126,57,76,191
45,17,100,191
86,5,9,97
179,95,98,6
56,13,4,205
179,6,41,31
164,14,2,131
104,65,88,237
16,95,97,210
96,24,12,72
60,23,79,212
174,86,16,155
12,49,50,37
167,20,11,216
77,59,7,70
196,71,40,14
50,22,70,173
131,87,12,154
147,35,49,139
102,55,49,107
139,58,27,227
138,64,36,130
129,32,7,22
181,56,62,55
108,72,27,116
39,16,91,239
110,56,71,174
58,45,92,220
103,45,41,126
137,68,40,19
89,17,82,64
97,41,22,176
82,90,88,31
125,97,11,92
136,86,91,203
10,58,24,93
4,9,84,10
113,70,12,74
190,95,59,218
114,86,57,7
1,49,82,195
93,37,98,235
140,93,61,163
50,100,67,236
115,78,23,234
43,60,22,46
87,9,81,108
196,74,64,211
80,61,94,19
168,46,98,189
107,89,35,123
186,29,2,146
52,58,59,211
68,88,0,81
133,26,81,43
42,47,20,224
67,82,84,58
65,6,35,117
94,31,56,193
162,29,81,13
95,18,53,240
143,91,76,183
168,51,4,75
153,65,24,143
73,96,78,119
155,32,11,229
38,97,44,132
70,94,65,93
187,54,50,127
44,52,12,189
7,37,33,151
85,91,21,165
180,23,98,30
63,17,8,25
57,29,57,14
75,60,51,7
19,2,24,128
191,57,5,228
7,75,66,225
145,23,50,30
56,62,4,239
10,5,15,46
33,67,24,181
78,28,10,77
82,43,87,144
53,35,39,66
162,87,21,41
171,57,19,226
61,62,31,95
109,9,100,158
51,17,10,88
143,46,67,165
79,10,73,203
103,44,46,222
192,81,84,175
142,84,88,10
17,82,19,149
62,51,0,171
47,40,14,225
157,77,73,109
117,28,91,3
137,42,34,7
105,26,62,145
153,24,6,94
82,66,34,118
47,42,92,71
182,68,31,228
146,88,4,76
36,48,98,32
192,59,27,49
75,77,80,54
21,90,31,214
83,23,86,148
9,33,83,136
163,92,92,149
59,7,49,73
72,89,42,36
88,46,90,204
182,50,42,147
154,92,46,36
183,4,16,120
99,61,72,110
99,92,93,94
53,63,59,62
146,28,50,209
174,73,79,218
9,71,87,239
9,56,84,118
185,43,51,165
156,13,28,208
39,8,81,123
62,47,33,157
72,63,21,238
59,9,56,49
108,51,16,141
23,52,68,143
5,74,24,92
183,12,48,50
11,57,11,3
43,91,75,53
102,29,27,12
184,40,47,201
64,14,41,170
160,47,97,144
61,10,100,130
100,44,85,134
46,6,78,139
125,15,89,5
83,8,39,169
110,65,28,48
40,74,13,115
15,53,13,69
29,20,48,57
179,51,7,29
124,19,99,195
135,22,20,204
178,42,52,153
149,86,86,26
43,7,77,53
191,7,0,178
77,90,6,67
120,11,66,179
81,55,15,190
12,67,54,15
187,30,22,141
66,62,49,180
189,92,54,46
11,30,29,67
54,10,7,169
9,1,11,89
144,92,33,231
120,83,77,10
154,9,21,103
196,57,99,54
164,86,80,113
128,74,21,233
68,10,27,108
78,65,81,96
199,40,20,166
177,33,30,133
58,43,67,105
36,55,75,212
101,91,17,53
92,57,44,222
133,77,51,159
196,74,50,61
167,69,12,12
60,49,42,153
190,96,84,195
138,28,84,19
150,81,38,131
124,30,75,54
107,92,64,230
188,15,21,76
160,51,79,177
38,3,57,73
153,54,5,20
99,56,11,96
107,95,24,223
58,68,69,73
17,73,34,137
31,72,36,171
128,7,25,224
5,56,59,194
127,86,22,220
152,80,65,54
34,31,0,237
114,97,88,76
200,33,100,3
168,92,27,163
71,6,62,196
108,72,57,233
148,72,26,182
58,27,59,223
34,92,0,19
98,11,24,119
145,78,35,159
141,32,3,35
121,30,87,27
199,55,76,64
104,41,52,98
115,80,22,16
126,98,30,189
115,31,65,138
89,96,40,115
48,35,94,228
124,19,33,163
128,48,6,170
85,7,19,23
14,43,6,152
139,55,25,40
171,53,43,236
150,58,78,65
58,37,58,143
120,96,25,211
7,12,17,13
14,99,9,198
60,5,85,212
51,50,26,135
129,24,60,130
40,46,35,164
136,22,64,178
110,27,88,206
32,49,20,110
73,18,8,124
144,87,42,33
8,88,96,70
28,46,48,117
81,40,90,7
22,89,7,141
173,7,69,12
182,6,9,55
29,6,11,138
63,63,79,148
26,12,24,203
51,85,39,56
167,48,4,107
104,35,69,149
67,43,17,136
195,18,92,90
30,18,72,10
11,18,18,96
87,26,49,0
200,40,73,162
124,75,21,83
70,87,62,152
140,63,56,224
71,97,35,23
197,86,4,77
127,17,87,206
156,29,26,79
25,49,20,120
71,85,83,67
44,74,65,224
23,34,23,224
33,3,25,172
23,46,64,150
15,21,37,110
121,97,81,6
83,36,64,113
81,29,0,122
48,36,27,34
182,89,28,49
190,9,92,98
87,13,68,13
137,34,20,42
152,45,97,103
13,35,76,139
146,48,50,227
16,12,92,147
88,15,7,50
6,27,72,57
11,90,27,60
159,62,61,175
20,60,87,214
45,8,5,57
33,82,90,215
119,15,31,62
199,84,16,57
56,58,65,113
146,4,64,33
7,1,66,201
163,31,58,153
56,72,96,157
95,55,3,47
49,29,48,204
171,32,84,167
27,66,70,59
104,43,33,140
115,65,67,177
26,30,89,215
5,59,14,119
131,29,15,140
18,26,51,200
60,77,29,177
21,54,69,47
36,35,21,168
102,41,67,107
95,65,32,20
24,17,33,155
166,4,34,172
191,52,71,101
46,86,50,240
52,61,13,26
46,88,86,213
104,90,96,236
135,51,17,157
60,81,40,50
39,78,51,65
109,97,67,63
89,92,64,164
156,14,93,114
124,5,66,141
114,15,58,165
189,75,7,55
77,76,86,177
158,42,45,133
14,71,83,216
82,57,59,134
65,37,98,147
10,51,91,128
13,81,5,163
68,48,71,127
85,79,39,79
30,72,39,181
108,93,87,196
73,80,18,179
128,73,50,219
90,41,39,44
197,89,47,100
199,90,38,156
53,80,87,39
182,62,36,181
17,28,48,77
87,83,41,69
186,75,55,183
4,15,48,210
21,65,69,178
142,70,7,63
19,77,12,136
27,12,69,137
127,41,60,95
95,19,75,67
198,77,35,56
43,41,62,219
159,51,17,229
34,1,19,68
61,3,82,133
57,67,17,58
196,73,41,89
5,2,43,85
72,37,79,96
26,59,42,191
114,46,83,86
157,31,37,87
48,23,16,20
82,77,93,77
75,43,42,90
119,84,27,17
93,78,54,130
11,64,0,90
76,42,57,74
85,58,7,126
150,7,62,121
13,83,54,16
39,54,93,127
54,31,93,15
191,10,0,80
34,31,62,111
195,16,81,117
63,50,18,48
47,38,8,125
95,44,17,185
6,76,52,209
36,95,35,84
175,22,56,199
147,5,14,118
68,14,96,67
108,41,90,36
85,68,35,210
162,71,53,128
56,33,52,5
166,1,58,86
62,36,37,52
193,75,90,221
197,92,3,180
93,94,100,197
161,88,4,137
12,96,46,49
33,96,83,53
43,86,50,29
104,51,77,232
143,27,19,109
109,87,58,90
12,95,6,53
85,84,27,182
74,54,88,35
143,98,77,90
3,78,33,0
155,86,16,42
169,57,12,51
123,81,63,156
196,97,34,91
147,63,36,123
80,25,73,221
189,69,88,36
116,11,30,134
170,40,22,152
162,75,41,231
28,88,25,60
168,85,77,22
153,26,0,23
76,75,66,103
95,55,12,144
4,85,56,6
92,36,26,165
22,71,17,156
131,2,19,118
56,3,71,96
58,81,93,238
115,32,72,93
16,32,46,115
118,67,13,17
19,96,72,6
38,3,38,217
114,8,6,233
108,1,53,58
11,85,78,146
24,40,34,162
200,38,59,113
60,16,22,16
109,80,19,183
172,19,0,138
157,49,92,207
148,20,75,50
93,38,77,199
70,33,30,93
107,92,7,153
48,88,44,205
81,67,83,182
52,25,77,15
96,13,62,125
162,30,44,77
180,98,16,100
155,17,86,40
120,62,3,52
106,77,63,151
65,62,6,81
57,94,87,169
26,12,39,49
109,36,49,121
194,6,45,69
121,72,76,158
10,3,31,115
36,80,16,153
186,39,45,170
172,82,98,78
14,59,21,96
73,16,78,114
115,42,9,17
8,46,62,94
124,38,36,181
195,3,49,194
161,12,33,105
68,61,0,26
84,10,53,101
179,8,78,181
181,14,13,45
25,37,50,192
160,64,86,82
181,21,62,36
61,84,92,21
127,61,31,238
162,36,45,229
192,17,4,101
132,65,97,62
186,78,69,210
164,49,29,131
135,21,80,20
127,100,71,125
66,91,70,52
48,69,37,172
66,50,92,104
108,58,68,196
180,98,26,40
157,22,39,148
17,31,95,13
22,10,9,4
137,10,95,108
194,5,82,31
180,98,90,159
22,56,53,162
43,96,59,195
9,67,49,71
39,51,25,62
79,6,95,131
131,95,13,109
170,56,48,2
46,13,56,111
104,68,29,93
157,29,44,50
78,73,81,228
37,39,42,233
38,61,59,177
147,50,57,198
129,65,42,121
54,9,2,67
108,33,71,7
95,21,17,54
200,71,73,1
77,50,64,230
158,60,94,170
199,37,66,150
34,5,62,66
195,92,17,75
1,70,91,52
158,93,19,84
40,85,88,195
96,21,70,53
192,100,85,201
139,56,20,36
132,39,26,46
103,12,35,167
48,62,72,154
142,93,55,13
115,38,58,22
195,60,4,219
188,99,65,27
176,2,78,33
128,2,21,152
169,86,61,162
145,32,78,196
164,47,21,112
186,37,9,68
32,1,8,146
116,52,33,232
23,66,89,48
144,91,54,66
17,28,62,53
196,90,23,164
90,13,82,25
35,66,24,156
45,3,41,168
22,82,90,145
165,16,90,116
79,65,86,238
88,48,31,193
40,67,87,150
108,83,97,167
9,49,39,154
11,93,25,183
88,92,21,13
73,99,72,93
156,76,52,51
37,30,21,102
165,39,70,25
98,83,62,103
175,27,38,162
15,52,86,90
161,29,74,161
36,80,13,178
145,5,65,33
108,94,84,213
156,33,50,209
82,24,40,44
128,99,35,65
70,96,82,129
139,74,15,160
152,12,3,103
154,86,21,173
19,95,40,49
179,6,27,26
87,44,14,171
60,52,66,33
60,8,48,51
142,71,96,83
123,79,82,72
187,74,37,56
73,44,91,184
90,59,19,210
110,60,9,73
108,11,77,19
14,48,34,8
57,61,76,196
171,90,24,104
102,49,96,176
22,91,52,53
100,13,8,207
112,21,18,129
51,92,61,57
186,16,14,234
165,81,11,127
88,59,61,31
94,10,59,101
91,4,28,91
80,70,74,62
69,51,12,218
35,98,6,10
36,69,38,187
151,85,72,12
149,4,35,3
144,97,99,174
51,93,33,148
166,74,17,133
124,73,49,189
154,27,57,36
107,66,24,204
193,89,67,181
184,96,61,18
15,45,43,216
22,5,98,109
54,93,26,101
85,9,10,225
196,75,57,152
189,71,22,71
51,11,46,123
46,95,14,60
138,61,7,147
18,48,43,234
157,96,60,18
119,96,50,95
87,96,42,154
189,36,42,182
152,19,7,157
131,22,87,160
56,93,60,84
70,49,5,44
182,10,37,200
165,93,90,180
20,59,21,165
134,85,51,187
102,27,52,34
6,41,80,151
130,51,96,196
146,51,55,211
154,70,63,67
9,18,34,225
78,3,82,121
163,10,5,142
106,69,15,106
94,41,26,22
105,73,71,107
98,79,14,234
174,49,24,74
39,55,90,103
98,43,19,10
1,38,38,158
35,18,55,46
68,11,37,154
100,50,82,133
91,80,10,105
115,57,47,90
170,78,33,89
80,58,32,201
141,20,62,97
29,49,78,35
153,6,28,167
38,82,78,92
196,50,60,129
96,69,73,7
157,23,96,151
137,51,81,137
193,33,39,240
148,67,71,194
14,34,56,148
174,76,77,211
63,23,95,53
120,4,68,35
191,47,70,54
51,47,83,6
130,19,37,219
94,59,42,160
52,16,44,23
75,83,96,86
81,71,78,132
80,20,59,228
10,30,62,29
195,25,89,227
82,32,68,165
26,42,4,203
60,10,25,182
21,17,82,162
27,77,66,39
181,18,39,19
82,84,9,16
62,48,9,157
64,89,66,158
117,22,26,32
37,22,12,102
119,96,36,176
182,43,78,35
53,22,67,193
115,66,75,210
124,11,0,91
90,27,49,86
142,46,65,211
80,73,60,9
164,43,56,127
129,20,10,141
121,91,8,195
41,77,67,204
89,73,26,82
128,4,55,122
165,91,64,206
181,41,29,155
131,11,73,215
171,64,68,16
41,70,81,38
14,4,59,31
196,21,52,217
200,11,20,135
197,56,39,221
130,89,50,214
86,66,88,157
168,55,19,23
112,41,34,150
105,9,18,8
38,27,54,106
131,72,15,104
125,96,6,44
159,78,79,207
79,99,99,72
119,99,25,129
30,37,78,199
67,9,31,204
68,97,7,35
135,96,79,17
75,16,79,213
50,72,3,92
24,99,90,33
57,20,84,214
63,76,26,220
184,30,78,32
42,30,93,171
128,59,0,186
104,60,54,28
155,91,35,109
15,1,76,180
22,63,32,226
125,41,67,134
79,69,95,109
190,81,3,216
104,59,40,115
67,18,59,4
56,93,42,113
153,21,40,72
54,8,47,23
169,65,56,9
115,7,46,237
79,27,39,90
56,27,84,4
97,76,32,221
29,98,55,25
126,91,47,69
186,83,38,226
65,73,48,108
61,31,98,166
125,55,24,165
19,99,20,232
95,19,75,156
20,64,45,206
72,84,36,22
136,83,12,97
38,67,83,176
42,33,41,233
75,47,7,168
119,56,99,73
51,57,94,159
89,83,25,115
168,87,52,33
173,26,42,34
35,15,28,141
179,42,76,4
95,81,31,184
153,51,9,130
24,26,79,108
98,54,49,132
3,95,13,54
103,65,26,206
178,62,71,98
13,61,36,9
165,90,44,28
88,90,94,175
28,78,84,229
86,24,2,227
164,3,63,132
148,94,59,100
35,4,52,225
121,59,48,166
16,63,14,112
169,29,85,7
25,69,99,91
66,85,78,28
194,19,85,133
170,73,13,182
175,55,7,131
106,53,62,28
40,12,43,91
14,21,63,13
65,97,19,117
166,63,81,206
53,23,37,45
41,15,13,132
15,30,8,18
131,8,92,115
93,100,20,158
12,92,95,184
127,80,39,66
99,21,52,196
55,88,92,135
14,81,66,165
114,97,54,219
178,88,57,7
59,70,69,221
151,61,67,50
144,65,76,85
101,56,4,14
110,75,11,82
82,25,68,169
52,73,70,140
148,37,79,207
186,21,94,206
112,83,79,209
54,18,59,78
191,36,34,220
132,67,5,75
92,86,1,160
45,87,80,47
193,5,91,37
81,94,69,110
125,27,5,219
5,70,78,177
185,79,60,8
145,80,67,43
66,18,38,235
48,29,6,76
143,17,45,39
17,84,13,2
12,14,37,171
133,42,81,62
74,18,15,161
154,8,68,106
158,3,57,235
117,68,13,135
40,10,20,37
170,47,53,14
52,19,56,189
7,7,49,89
188,96,34,65
157,12,83,14
3,54,43,177
190,8,45,234
173,81,91,139
99,71,63,78
181,1,73,74
85,11,33,96
98,78,97,88
154,78,12,24
67,57,96,83
35,16,3,41
151,72,51,65
90,64,63,221
93,35,6,199
37,42,29,65
47,48,54,63
80,22,1,167
73,43,95,223
90,94,85,196
25,40,8,78
180,84,35,35
12,66,38,24
117,91,93,125
1,6,99,153
145,16,92,200
149,22,41,93
61,32,39,120
55,98,70,225
83,9,71,54
157,17,76,25
60,95,75,24
133,83,9,160
174,36,61,169
192,91,59,94
72,43,99,7
29,10,25,30
4,33,57,76
115,45,73,8
141,31,25,156
38,48,41,119
136,32,68,30
177,72,72,97
78,34,75,45
166,61,96,215
112,39,70,158
108,74,70,217
111,85,57,117
162,60,94,8
191,95,65,68
179,91,9,170
122,68,24,139
161,81,53,201
62,96,27,116
196,11,61,116
64,80,18,65
63,45,93,79
108,34,57,4
138,14,10,71
80,32,47,115
195,19,90,52
2,53,30,6
110,62,34,228
44,35,40,212
196,81,39,54
63,61,56,76
14,62,88,167
27,12,51,28
183,15,50,170
54,21,51,109
144,5,24,155
70,42,43,120
116,100,87,10
62,46,73,76
69,77,59,65
76,77,60,157
43,65,58,94
116,82,11,114
46,69,15,240
29,99,5,129
36,77,64,143
197,99,18,51
19,12,94,189
145,12,2,120
65,46,79,214
69,78,6,165
128,68,78,102
102,91,28,189
132,9,47,55
153,95,53,227
148,17,75,98
104,47,59,213
132,39,25,119
63,46,25,131
162,77,60,109
67,95,38,229
96,33,18,11
170,23,45,175
31,85,8,136
83,66,76,137
78,61,79,120
138,60,42,115
1,100,74,148
113,20,5,103
67,79,98,206
61,45,79,10
22,81,60,72
121,43,55,3
115,5,82,112
83,66,15,113
64,46,26,52
96,57,21,93
147,62,36,131
84,42,22,208
78,60,18,6
30,3,64,183
101,77,71,22
158,91,16,100
175,57,11,32
172,31,100,234
132,77,35,153
56,76,28,4
41,25,40,167
177,77,62,42
137,97,89,201
57,47,78,166
189,53,13,14
16,83,72,55
132,34,59,89
122,90,16,133
195,19,1,94
84,91,9,101
19,2,15,70
128,97,77,35
39,18,32,215
128,10,34,237
171,73,81,171
19,22,3,101
80,81,19,1
175,38,14,198
164,80,3,137
86,93,81,75
46,96,75,209
54,100,65,56
75,66,75,168
93,89,1,59
18,6,41,207
6,72,84,239
163,52,21,68
188,43,56,63
118,96,60,14
144,95,44,38
18,21,49,37
85,43,10,187
139,85,2,239
81,67,5,121
41,4,72,198
173,84,10,92
48,79,8,197
165,13,19,68
82,60,81,91
181,46,89,115
43,81,3,147
93,87,25,173
1,95,28,118
92,59,37,48
26,3,29,99
179,54,5,64
193,99,84,47
24,86,48,36
148,49,55,195
28,70,22,154
50,87,51,105
50,94,41,81
156,73,26,232
171,70,42,62
38,43,100,230
155,12,77,39
66,65,50,186
150,62,39,32
36,18,58,11
54,29,73,109
120,85,29,234
178,58,14,223
29,2,58,213
164,100,5,128
59,57,45,118
131,57,83,92
77,95,99,180
161,39,47,237
117,20,3,13
133,83,12,239
127,54,69,155
200,28,49,100
117,100,6,10
187,48,60,73
112,61,12,0
151,6,98,240
75,25,28,240
152,8,15,234
107,78,27,48
181,28,52,117
5,75,28,97
121,28,23,97
30,4,26,128
155,38,1,201
167,2,71,100
144,27,89,134
147,92,16,158
185,31,30,80
72,41,15,13
108,49,59,122
63,43,44,129
32,38,54,114
91,92,56,119
151,69,10,98
75,98,78,102
110,100,82,164
30,91,99,146
54,61,76,194
175,95,90,200
118,60,21,147
144,54,42,93
91,19,45,25
135,26,27,91
198,41,75,187
102,93,79,48
108,44,56,198
71,82,72,72
112,64,66,15
92,89,0,185
47,26,90,173
84,57,11,153
68,58,4,107
8,33,91,134
82,26,22,193
49,34,8,111
120,34,6,8
149,11,29,122
7,79,86,105
8,82,80,40
112,100,44,139
133,93,15,40
112,43,48,100
65,39,6,211
44,6,73,136
78,94,92,50
183,35,41,142
81,3,4,190
32,77,98,238
25,60,49,43
49,11,57,73
74,78,16,201
13,93,36,103
136,47,61,25
26,80,39,164
8,61,41,32
132,68,70,81
7,96,41,1
168,90,35,144
121,57,7,0
125,72,46,127
167,46,80,128
77,21,8,64
6,29,86,198
157,68,89,25
66,97,48,104
38,16,97,55
49,42,22,112
159,68,85,5
170,27,52,33
174,63,44,190
180,13,5,121
23,25,81,54
128,34,31,25
120,45,11,193
181,85,92,127
1,54,42,38
110,23,65,41
81,66,4,52
127,78,84,109
47,31,87,145
106,50,25,129
151,2,19,44
4,99,24,155
180,9,8,188
133,1,51,116
108,76,19,210
192,99,20,88
54,96,59,18
18,33,76,216
37,22,88,40
90,24,78,175
60,52,76,231
170,100,13,203
159,92,7,117
155,65,86,88
94,31,14,89
86,65,66,184
171,28,98,149
83,11,17,50
162,69,54,176
177,31,39,68
29,83,29,42
30,58,20,177
129,15,100,136
122,63,99,208
114,82,70,40
45,16,66,231
97,36,20,192
2,72,25,119
156,11,5,198
15,94,55,136
61,68,58,66
50,5,46,37
3,74,39,138
169,35,10,102
162,56,91,78
63,31,49,224
149,33,58,226
60,97,83,88
140,100,11,87
107,100,77,117
101,67,87,174
78,90,51,155
104,16,67,77
64,11,43,45
121,61,13,24
173,52,47,80
146,50,67,27
30,59,13,34
24,27,96,200
155,46,14,57
143,53,38,144
195,97,32,152
159,59,33,198
58,58,96,140
191,45,74,71
79,52,91,153
135,80,33,236
159,44,97,20
85,1,77,110
18,27,11,107
118,82,69,181
1,38,22,86
7,54,13,9
73,88,9,174
10,52,70,232
15,68,0,58
175,85,15,68
126,3,6,233
81,43,75,168
87,100,65,33
31,36,96,196
54,57,39,121
129,88,26,132
10,95,12,129
182,75,31,4
25,67,65,136
139,22,0,73
117,88,40,158
185,94,98,185
181,85,85,198
69,43,59,154
174,70,93,138
166,75,12,19
137,26,69,22
99,52,48,107
43,93,52,11
172,73,14,203
83,70,79,132
45,65,90,68
52,43,8,150
172,62,2,100
85,2,95,216
64,19,39,115
69,74,27,28
155,70,25,229
163,75,36,45
135,94,77,74
119,46,53,37
118,82,72,34
127,22,23,201
6,14,25,224
30,49,69,144
46,37,97,9
67,50,64,224
51,35,71,51
41,22,43,86
127,74,53,43
133,55,87,227
117,65,29,139
24,49,4,214
119,3,97,195
115,59,13,23
103,81,92,202
183,10,12,92
154,67,79,15
49,95,50,133
38,53,29,36
58,11,19,87
121,76,45,148
72,84,23,80
135,79,95,218
131,8,96,127
74,45,15,177
25,27,55,21
142,39,53,184
156,75,48,59
145,99,61,26
129,25,79,209
192,1,57,10
20,14,55,84
55,70,85,213
53,96,9,12
106,5,67,238
186,100,49,214
5,72,96,216
26,3,9,91
58,86,68,138
91,22,80,141
105,47,35,77
146,8,80,127
70,54,61,183
59,98,100,174
197,74,25,17
77,42,71,185
147,87,58,109
187,9,29,156
29,62,65,224
8,48,51,52
139,42,78,5
60,54,9,185
26,8,76,202
31,4,35,60
111,51,78,12
184,76,18,99
60,4,67,4
1,60,71,52
15,22,56,207
61,40,54,27
139,60,24,87
157,44,75,173
111,73,37,32
191,52,18,126
162,4,29,230
200,83,17,18
169,63,85,190
137,31,37,52
181,9,70,81
171,64,84,14
11,3,61,178
85,49,20,93
36,34,62,235
93,60,46,130
174,23,27,6
8,92,27,11
4,100,71,8
116,16,36,23
144,83,95,166
196,25,39,149
168,27,90,231
111,75,86,198
165,65,59,59
131,48,11,17
192,30,11,160
156,92,32,230
123,52,72,221
45,22,74,194
159,35,8,102
41,96,1,186
64,36,80,64
132,12,0,58
90,13,64,62
184,5,26,28
154,13,16,147
132,49,94,199
108,33,44,190
20,85,22,99
81,2,68,181
177,42,21,159
181,73,86,120
42,72,50,153
64,59,48,124
72,8,51,208
146,7,6,143
78,85,75,72
13,12,88,198
50,32,99,2
111,98,15,0
168,12,91,93
56,42,79,136
113,10,33,232
139,95,68,107
99,86,85,76
144,4,29,216
36,70,85,122
35,32,17,165
80,19,26,187
110,97,39,200
11,92,9,232
49,40,38,11
151,1,64,44
22,40,80,197
13,95,79,23
146,33,42,167
30,64,50,78
171,99,35,165
147,25,24,6
59,60,66,31
161,51,72,144
119,16,11,189
157,82,45,200
31,8,35,31
84,19,55,163
119,54,13,139
57,54,28,192
50,27,20,106
75,4,38,76
7,86,80,222
156,77,94,5
27,74,56,163
132,25,88,15
79,3,45,154
195,96,14,100
189,26,89,99
43,99,72,76
197,73,20,211
31,73,48,129
149,50,63,106
12,58,12,200
3,56,46,179
95,84,29,43
113,50,73,28
145,45,84,177
85,72,84,73
131,3,0,94
104,8,68,108
157,53,98,227
140,4,71,101
4,84,94,166
130,35,38,129
48,27,68,32
186,15,46,172
76,65,19,153
51,91,98,8
43,80,78,159
156,94,30,64
163,82,80,199
75,47,27,1
28,6,78,133
167,78,86,174
110,16,48,98
125,18,28,185
102,19,32,103
61,77,12,123
9,89,60,194
45,80,32,213
111,13,44,125
38,18,46,105
60,43,58,27
194,92,89,77
68,7,61,211
99,52,48,49
102,82,27,204
176,98,11,6
193,35,84,227
33,76,79,167
175,55,38,172
130,24,24,131
54,82,54,186
142,68,51,36
141,57,11,174
67,76,91,101
109,34,24,153
25,60,93,127
158,46,73,94
131,91,100,151
192,24,29,161
174,21,55,57
104,21,46,228
112,4,16,118
188,89,2,159
33,78,100,9
90,58,65,21
35,56,48,166
43,30,98,211
5,37,98,101
117,60,68,40
71,12,92,40
9,22,68,178
153,62,93,30
45,87,4,152
188,20,14,23
7,54,88,205
2,2,24,91
115,57,59,11
110,13,9,72
53,32,10,12
21,9,8,197
164,100,82,56
52,17,65,31
105,47,17,1
137,12,62,166
169,30,55,78
190,71,95,190
73,95,73,171
77,45,91,221
85,47,19,57
147,46,77,195
75,3,92,9
16,69,19,116
10,89,4,110
81,5,50,1
153,99,24,178
186,30,26,178
194,81,39,177
46,92,7,237
71,36,27,99
172,49,2,171
174,57,26,131
33,66,68,38
17,16,19,139
113,72,97,3
3,19,47,29
190,90,23,80
46,91,99,188
103,17,9,118
132,64,32,105
195,10,43,21
36,44,77,141
3,30,22,154
44,81,61,135
85,84,78,149
1,98,26,12
83,89,95,3
105,87,86,138
78,50,83,238
106,57,94,136
128,58,100,162
73,51,85,203
87,34,2,117
102,44,34,162
4,96,38,107
147,84,20,163
161,17,26,210
61,68,64,105
61,2,61,2
101,59,65,28
88,54,0,182
27,71,80,36
167,73,56,61
180,58,43,167
121,60,87,31
81,88,2,6
117,83,12,222
2,72,86,29
28,80,21,126
16,68,34,180
92,8,40,213
50,36,6,110
161,88,38,181
118,79,20,194
106,82,18,173
125,83,69,26
166,1,16,34
154,85,57,91
146,15,79,186
200,19,31,20
179,21,70,232
75,7,50,127
55,22,31,73
132,57,26,126
179,20,15,84
191,10,71,87
7,82,55,9
182,62,66,103
192,55,51,6
73,39,4,37
163,71,39,169
41,12,72,87
8,35,89,52
66,55,18,44
29,59,2,183
42,95,3,213
158,78,17,129
73,32,11,53
151,88,0,116
166,28,86,100
124,20,48,40
63,39,59,237
144,59,43,224
97,67,16,91
185,29,76,234
91,44,76,223
14,56,45,208
26,75,59,204
169,34,84,167
25,76,36,48
25,60,71,162
102,18,38,0
76,70,46,109
86,100,77,135
78,10,9,139
150,87,72,212
15,77,45,15
43,81,12,115
20,72,50,33
20,12,42,78
142,40,42,239
177,80,90,116
6,16,70,84
68,79,27,53
191,25,100,215
120,40,34,87
137,99,48,1
47,68,38,133
57,83,42,182
118,80,23,190
87,93,31,147
189,52,6,39
11,26,91,125
168,44,77,129
7,75,25,50
72,90,54,95
197,22,10,78
99,39,85,16
147,76,24,52
171,71,75,184
58,93,98,186
37,24,99,44
2,17,32,187
159,78,56,179
75,69,13,202
3,91,70,16
26,92,24,81
10,54,94,168
104,29,84,168
136,55,47,91
152,22,76,62
147,100,83,56
157,53,10,128
119,67,16,63
85,71,70,236
56,47,78,0
37,66,64,237
129,18,43,2
57,35,93,90
3,64,39,118
183,52,77,127
124,39,82,130
32,46,68,76
178,70,57,16
10,10,59,125
36,59,83,110
89,96,55,166
105,8,31,208
1,18,22,172
39,18,78,122
12,12,91,67
97,58,77,239
53,93,17,130
10,59,77,56
51,81,66,90
165,6,21,196
47,90,13,161
53,85,89,150
191,81,11,214
176,52,28,156
106,57,20,142
153,20,6,6
11,63,54,174
116,13,99,71
174,19,77,180
111,48,31,66
82,57,56,175
121,63,65,42
26,68,98,74
131,19,60,40
9,66,57,10
25,40,7,190
17,98,82,187
155,5,99,38
65,4,64,130
134,86,37,96
100,65,48,57
132,76,45,50
11,9,94,191
15,1,67,106
193,52,98,89
166,48,24,24
117,93,43,102
73,25,97,1
116,74,56,70
154,93,45,79
156,22,72,5
73,60,7,109
119,70,70,177
163,30,88,200
65,71,26,181
48,93,73,201
115,17,79,87
140,33,36,238
77,88,42,240
30,99,97,37
121,51,66,236
1,43,4,153
34,57,33,180
17,93,57,68
175,32,94,67
196,31,88,222
2,6,72,20
90,34,46,89
121,37,15,210
92,90,14,134
176,87,87,72
110,94,99,129
23,44,37,173
78,93,51,187
81,1,74,208
92,20,97,109
94,20,96,174
178,55,95,142
22,45,0,151
6,1,80,30
134,100,23,153
199,92,21,152
198,54,71,104
175,30,70,14
181,43,87,207
101,39,58,186
76,22,88,192
58,28,83,17
172,67,83,140
196,69,47,38
116,65,89,22
70,54,68,94
122,86,77,143
49,40,28,141
4,84,2,72
67,59,31,200
32,20,59,162
19,48,82,67
30,46,47,4
190,93,76,0
65,93,100,99
131,20,26,97
105,68,85,81
99,87,76,22
33,37,9,61
121,35,3,165
114,80,47,120
77,90,35,40
160,55,36,112
88,72,75,7
189,53,98,54
72,42,87,110
7,3,29,143
163,14,56,15
80,94,7,91
9,2,55,159
122,84,99,217
136,98,98,195
156,66,70,83
188,75,79,206
200,88,70,187
27,94,71,60
3,13,24,217
104,83,19,120
72,85,57,179
124,98,38,3
46,57,70,138
175,12,78,28
33,12,14,203
161,54,98,235
4,32,69,104
189,62,29,125
68,51,75,95
44,95,42,191
172,48,49,232
38,54,6,8
128,98,1,155
66,74,74,131
142,57,49,104
199,92,86,188
159,93,77,165
70,58,37,144
58,35,2,221
173,74,70,100
85,7,4,202
179,2,34,173
12,67,82,164
116,83,80,174
81,40,31,33
70,50,79,107
92,88,60,69
83,15,33,163
79,50,22,224
131,30,60,7
6,28,87,23
126,68,47,160
31,37,54,207
141,42,80,154
98,31,6,178
157,86,23,39
12,9,17,199
58,76,56,27
164,60,95,201
88,79,45,79
15,74,92,100
85,86,83,18
52,24,82,226
67,83,23,13
199,48,21,133
168,93,26,112
168,65,4,174
166,78,71,118
131,28,60,31
77,33,82,18
182,49,96,90
25,17,94,207
48,29,30,53
122,16,28,195
45,100,85,167
83,47,55,40
132,63,15,115
53,34,75,9
155,70,78,154
33,12,14,200
111,81,66,75
37,16,63,49
189,66,88,98
130,95,52,69
69,73,12,116
181,88,11,207
76,91,93,182
198,27,79,206
132,2,60,74
99,27,83,19
92,43,33,90
63,54,49,57
121,82,79,108
100,32,92,119
38,99,21,116
99,83,21,58
97,80,27,194
167,28,41,167
198,73,2,93
25,50,29,70
161,38,7,222
44,7,13,109
20,40,85,188
184,33,57,201
33,13,8,158
57,51,91,61
195,68,96,190
49,56,22,134
20,62,73,34
193,69,57,97
73,6,45,69
106,52,21,217
39,18,86,103
72,79,3,174
180,45,37,60
76,3,76,169
16,50,88,222
171,77,89,196
86,19,12,86
197,27,79,138
88,44,93,131
93,71,15,184
7,87,13,58
49,43,38,226
166,21,28,5
53,21,48,109
130,89,58,195
9,11,42,58
28,14,34,45
130,51,58,36
180,93,4,175
122,2,31,190
85,32,47,32
126,45,94,106
184,75,75,31
91,59,22,119
150,80,20,146
144,50,92,158
83,34,11,126
15,62,57,25
36,93,52,93
58,24,44,130
33,2,35,72
89,78,96,196
97,30,10,90
138,87,2,76
87,21,67,87
4,51,50,168
59,99,39,112
65,96,56,97
152,56,38,201
2,15,27,2
61,44,59,160
153,76,22,122
39,2,44,63
14,35,100,16
196,77,58,205
136,67,93,105
181,100,8,21
37,74,52,120
154,100,30,155
172,54,36,196
171,66,85,0
62,24,25,222
119,65,5,232
133,57,52,135
70,44,11,182
95,31,14,189
164,17,68,5
186,57,64,21
32,33,23,155
15,91,77,112
49,53,32,212
169,85,94,93
191,40,35,8
79,42,99,6
175,59,49,165
149,61,18,10
43,9,9,77
92,50,47,138
11,10,88,49
14,28,29,205
7,45,16,128
48,29,82,96
14,50,38,195
68,87,16,239
96,24,17,49
34,74,87,191
142,52,94,2
71,21,45,10
158,14,16,147
167,48,26,71
1,80,38,4
155,35,11,32
69,51,27,32
158,90,65,173
26,48,99,134
19,93,90,209
99,50,61,44
41,68,59,176
111,50,63,24
26,31,79,169
48,68,25,105
170,42,33,59
102,58,68,194
66,46,41,149
106,56,54,10
112,97,8,84
8,27,48,19
7,46,75,126
194,36,77,11
81,100,75,3
145,24,79,188
170,62,55,236
85,80,99,166
93,14,26,184
72,77,38,90
44,48,48,170
110,69,98,115
179,6,69,224
144,62,56,114
83,51,10,31
198,50,33,14
157,99,64,195
128,27,31,217
83,53,23,126
31,35,84,147
173,58,60,162
21,85,99,11
117,44,71,150
153,73,51,111
13,77,36,53
154,34,44,44
133,36,4,48
191,52,33,112
90,63,100,62
123,63,99,219
162,91,9,45
170,12,70,139
74,49,73,176
143,4,43,105
92,57,55,121
95,69,27,240
155,12,47,229
176,71,41,9
148,13,49,72
113,42,98,107
191,17,14,199
160,69,84,101
81,48,68,174
187,49,61,197
169,82,60,231
35,49,50,119
65,43,86,6
188,74,72,72
97,62,17,109
200,27,21,169
84,3,56,105
190,61,76,80
129,28,91,162
25,78,85,107
116,9,86,172
80,2,21,127
125,9,96,32
100,63,82,19
189,60,13,134
168,3,90,98
95,73,23,7
39,52,15,52
169,50,2,12
142,40,88,140
110,37,35,143
58,100,74,239
149,69,54,107
194,30,72,217
89,17,68,74
40,1,17,162
81,30,61,188
14,71,23,157
90,70,4,67
200,19,78,168
187,21,39,22
136,4,46,23
154,25,78,37
6,57,39,44
108,84,36,151
144,70,78,109
95,20,89,100
20,90,27,92
136,57,9,95
51,25,69,47
147,74,77,63
90,67,68,83
184,99,62,218
44,96,59,28
190,89,56,122
61,7,2,152
22,84,95,173
8,42,62,20
126,64,60,125
18,51,36,18
157,52,50,58
38,3,10,84
164,57,61,208
199,5,39,180
128,72,48,90
97,63,56,127
185,56,61,129
48,99,36,15
48,64,76,228
174,25,30,79
120,5,10,4
59,71,90,97
54,20,84,46
76,19,33,201
146,89,8,236
44,94,28,21
136,59,68,53
177,69,23,22
67,100,56,54
108,73,90,12
116,77,66,216
56,57,68,167
181,5,75,87
60,59,90,80
27,32,55,220
11,88,73,111
35,59,32,164
104,17,35,99
164,8,6,221
4,99,45,115
124,64,98,122
35,53,31,0
28,83,14,106
113,14,11,124
45,21,42,151
54,100,64,193
25,93,98,234
114,51,0,41
80,40,93,64
100,80,8,105
147,90,11,235
168,99,43,198
169,55,19,56
198,72,23,2
174,12,62,13
198,33,82,151
105,81,66,165
197,40,70,44
182,78,97,204
73,52,100,31
101,15,29,236
168,8,41,127
173,39,98,231
130,4,67,4
191,62,0,181
111,56,82,221
36,77,44,15
69,13,35,155
13,89,50,37
154,38,9,90
126,33,59,198
100,10,81,180
130,26,87,156
50,98,76,154
181,41,1,143
65,66,42,40
47,95,24,211
33,47,37,195
18,71,46,226
18,100,26,124
27,82,86,235
34,20,99,234
74,34,18,77
102,52,75,58
115,72,66,91
56,66,4,139
15,38,63,103
110,8,79,181
140,95,95,110
144,78,29,99
101,7,96,142
96,52,38,56
78,73,11,136
72,1,70,154
89,42,34,155
70,33,50,235
160,93,80,89
43,19,85,206
192,59,58,102
110,65,19,15
27,59,56,163
70,61,96,2
117,69,63,182
87,29,12,85
185,5,40,20
101,45,86,21
90,2,59,152
105,38,52,118
144,1,30,233
183,77,29,136
12,86,100,88
93,93,7,184
45,4,77,222
148,64,42,169
75,50,58,213
164,82,30,23
11,88,95,135
21,25,73,86
73,46,25,168
2,10,39,32
146,13,73,112
33,15,36,26
118,5,15,111
92,27,85,91
167,97,69,123
25,93,71,10
174,18,63,1
165,7,81,76
140,37,7,50
151,20,59,66
126,31,72,10
2,80,13,225
56,91,53,25
26,12,32,63
87,83,44,94
131,14,86,234
25,84,42,165
95,88,70,131
139,59,46,106
68,16,25,57
135,33,7,36
38,35,94,208
74,74,50,180
191,31,75,157
22,12,63,37
49,10,5,210
118,16,3,154
129,14,8,148
33,60,33,65
174,38,86,158
56,57,83,200
188,98,40,115
144,17,82,233
127,23,45,218
20,70,30,160
161,31,71,176
16,60,100,214
107,66,24,128
187,2,1,125
161,76,64,229
55,16,98,66
163,75,100,139
131,9,80,90
116,45,71,1
20,47,49,46
106,69,86,151
60,52,23,229
126,45,47,95
35,37,83,16
150,84,6,2
152,33,69,122
25,74,59,240
111,96,14,57
102,85,2,83
68,68,6,196
151,91,95,171
25,2,81,92
56,39,80,206
103,60,69,164
174,34,2,40
195,1,40,127
40,72,13,186
108,2,1,56
21,34,56,115
187,50,86,19
190,41,46,156
108,54,64,4
14,1,9,211
59,57,27,208
10,56,55,111
16,48,8,55
178,58,7,150
102,99,75,112
131,51,47,74
91,83,60,104
14,21,90,233
33,36,88,117
38,72,43,124
170,46,99,104
188,71,99,26
115,16,54,216
82,5,88,178
50,20,65,71
166,14,12,112
46,83,43,209
177,59,31,127
182,45,88,196
38,76,80,170
117,39,71,59
36,20,14,235
144,65,29,130
163,63,56,235
25,99,97,104
122,61,50,48
7,17,6,135
39,50,12,116
139,84,6,6
74,68,51,118
20,37,6,181
97,31,55,74
65,55,39,90
30,97,26,145
30,9,46,21
78,32,9,81
82,46,96,57
185,26,5,199
104,97,50,68
187,3,91,235
119,27,3,231
144,51,98,203
85,81,21,81
185,96,55,0
122,28,70,128
89,31,29,183
158,5,26,85
39,3,53,86
143,5,95,85
12,95,0,210
81,27,20,159
57,15,86,57
8,87,37,172
186,41,58,27
117,96,85,217
93,82,28,29
81,75,84,128
154,59,8,139
94,65,19,219
70,12,82,11
99,46,94,58
149,100,6,45
138,97,93,43
193,69,92,137
112,74,84,11
4,81,60,105
125,92,28,48
83,18,51,64
116,60,33,30
33,44,100,165
180,88,61,115
28,89,71,168
133,23,5,134
80,55,21,107
168,4,28,102
125,97,70,201
104,100,3,56
41,51,26,208
93,92,0,238
49,60,5,57
27,53,82,178
63,96,76,46
100,58,49,12
112,22,37,34
2,26,70,154
43,86,25,235
158,74,90,202
167,24,47,167
120,58,27,194
44,8,83,141
142,6,51,93
174,79,58,20
142,48,55,89
116,84,22,24
44,12,7,97
147,18,60,205
154,59,71,125
165,6,24,1
97,75,55,122
99,20,98,139
65,31,54,235
32,63,42,14
100,60,19,143
65,58,27,151
26,26,54,208
132,65,19,177
64,66,2,156
106,100,21,148
174,78,35,51
189,33,39,156
43,96,29,17
110,7,11,134
75,86,51,137
115,86,7,222
179,8,70,191
71,82,96,101
20,44,18,186
112,39,40,26
147,40,22,95
173,33,48,101
174,85,86,100
152,66,94,156
62,22,73,135
124,67,10,68
105,47,51,166
48,16,11,116
96,30,70,110
138,90,63,83
129,11,57,83
113,91,73,145
71,80,65,6
196,75,35,116
17,90,72,144
47,76,64,33
51,20,83,29
155,17,37,19
149,85,69,8
53,71,26,89
148,78,3,211
51,71,15,185
65,67,45,160
24,11,71,80
136,80,20,166
178,38,35,155
83,60,44,197
174,29,12,214
112,90,61,26
115,63,93,20
42,99,23,229
173,60,30,234
61,67,16,213
81,33,42,6
18,7,76,156
41,40,93,195
192,34,34,136
79,76,99,129
157,58,75,219
84,92,33,105
94,32,7,183
95,6,99,236
35,34,83,11
130,9,99,105
186,43,93,155
78,21,87,208
5,68,56,77
41,35,68,207
174,13,92,166
160,79,10,38
16,36,44,225
199,9,71,54
98,90,66,61
6,83,38,177
97,64,24,114
94,83,31,125
180,36,16,215
131,52,46,85
55,69,70,240
78,44,84,159
33,91,90,167
25,6,51,179
166,86,99,63
40,40,13,195
198,32,17,13
85,100,5,15
47,13,19,25
52,46,53,76
109,34,69,130
32,47,2,110
128,33,13,144
112,89,36,126
196,65,43,87
46,54,39,61
80,50,95,120
74,93,93,113
108,53,29,113
108,13,60,98
184,95,32,89
176,65,46,17
150,13,18,234
72,74,88,192
61,24,88,35
3,15,46,48
7,75,22,115
55,62,64,125
92,72,79,70
134,66,42,213
186,99,83,4
27,7,77,184
125,10,15,152
77,2,63,148
157,87,90,115
72,23,18,86
182,75,64,156
23,9,29,38
112,22,17,49
149,62,34,63
171,51,33,195
98,64,0,208
89,44,36,22
4,2,98,222
129,100,33,125
91,8,87,121
198,79,39,177
120,2,11,33
48,14,5,47
145,19,3,192
186,50,67,149
96,81,29,86
16,51,14,133
120,51,83,222
51,100,58,236
191,5,18,119
121,40,2,20
136,45,6,132
122,65,48,135
142,77,56,204
98,81,59,54
133,50,3,68
158,46,88,231
43,3,1,32
55,93,99,237
50,63,57,6
172,29,96,180
91,100,56,47
76,86,59,15
154,33,97,215
119,41,68,126
173,53,27,139
30,40,10,21
158,72,88,191
145,6,80,55
90,89,27,202
61,73,93,3
100,85,73,228
180,39,55,136
185,13,97,149
189,67,69,41
94,21,15,220
21,34,79,213
27,77,63,161
81,86,14,222
1,63,75,185
40,35,4,30
17,70,60,234
148,13,98,67
48,51,62,151
169,99,83,175
121,16,76,129
89,48,74,192
149,36,1,180
142,67,5,139
182,6,98,56
54,49,16,78
69,57,39,200
65,2,20,86
87,70,92,94
129,47,5,151
43,84,91,220
106,64,12,146
99,23,38,1
180,49,88,114
142,41,40,160
52,17,71,62
72,10,74,200
6,45,73,8
181,70,39,52
21,64,0,239
198,12,86,44
153,92,85,171
95,88,50,21
110,94,3,20
170,2,37,220
52,45,41,54
170,8,79,45
8,15,31,220
186,47,3,22
197,3,63,64
42,76,85,85
149,66,23,71
94,7,92,125
138,8,74,167
101,94,43,226
11,48,89,153
102,1,69,31
156,14,22,214
186,77,44,15
83,34,31,35
115,86,24,159
191,22,82,72
100,64,34,220
105,22,87,235
81,16,69,181
63,97,76,85
60,14,79,106
83,69,77,67
172,65,81,191
193,24,40,215
62,36,12,159
136,21,71,141
141,59,92,167
10,75,41,60
10,60,25,79
31,81,91,0
172,78,68,107
171,36,7,1
35,88,17,72
25,55,97,133
155,79,1,85
143,65,83,214
95,98,90,98
132,31,22,156
154,4,8,195
13,35,30,232
184,45,49,89
16,72,65,25
42,97,99,40
39,41,40,4
178,89,38,11
158,54,74,85
107,94,83,145
78,38,11,232
196,95,63,185
129,11,17,183
21,100,96,120
153,55,59,218
74,90,67,129
78,11,91,6
156,32,84,47
55,36,66,177
179,35,85,170
13,83,40,224
97,76,92,160
128,89,79,137
95,77,65,199
41,82,72,21
55,80,24,218
81,79,45,229
57,42,86,58
159,75,88,124
94,96,63,18
55,64,43,196
195,35,38,116
160,49,92,171
68,19,89,186
133,39,70,231
142,87,3,104
19,38,86,105
13,97,18,149
138,7,95,61
40,24,66,154
197,35,58,167
154,84,38,116
184,76,50,233
95,10,99,79
88,59,67,234
67,8,60,209
66,29,100,78
44,80,19,207
122,68,30,225
107,55,63,186
187,55,56,26
146,73,86,68
171,67,79,143
17,63,41,201
63,71,38,155
120,41,46,47
86,4,44,110
157,37,52,216
198,63,67,70
28,29,5,68
146,54,73,207
62,60,69,182
53,39,0,5
92,90,14,36
30,31,58,219
107,99,67,22
126,23,84,169
88,9,36,36
64,25,19,22
200,27,55,42
71,59,55,238
6,23,0,61
24,49,96,81
95,84,56,153
97,30,46,140
157,12,82,113
63,72,43,6
1,79,92,12
170,18,27,215
73,14,39,198
76,77,47,127
135,41,41,41
127,18,14,138
162,99,8,174
25,37,0,69
108,32,62,20
79,47,23,32
38,63,56,160
78,53,49,50
144,15,80,84
5,89,52,174
166,76,76,136
120,3,98,122
70,94,56,63
42,61,26,61
20,28,59,112
157,82,32,1
15,87,4,66
39,93,91,45
50,45,5,85
182,100,39,171
142,28,43,149
39,37,3,71
168,95,98,210
47,77,89,238
101,44,17,38
80,65,11,59
66,8,27,201
48,91,40,40
108,11,32,68
110,59,19,185
200,20,8,153
29,44,96,137
178,3,81,224
180,32,92,117
47,75,45,20
193,65,37,62
38,75,90,164
20,42,32,94
80,54,38,46
159,31,72,139
183,90,40,7
88,79,90,186
122,8,98,13
134,38,3,111
62,19,14,53
172,63,5,21
195,47,95,179
34,58,58,106
73,62,87,183
20,74,86,105
99,55,100,236
27,9,32,186
32,9,4,183
139,14,17,138
21,42,95,126
153,68,89,213
99,92,8,116
153,30,28,230
183,61,47,121
53,46,66,171
41,19,75,185
117,76,82,44
68,20,32,124
153,34,93,36
25,91,50,68
106,99,16,234
35,54,88,6
45,23,98,202
169,51,79,97
9,80,89,56
8,23,36,73
182,25,79,203
177,12,72,14
179,100,63,206
89,12,87,7
31,3,25,103
96,45,29,240
106,86,47,13
7,6,99,181
60,16,50,99
30,1,94,8
51,58,43,41
42,89,18,89
35,86,43,136
152,38,40,75
10,69,27,236
106,19,14,76
1,58,63,47
90,20,44,88
65,37,12,97
37,81,57,117
166,31,2,33
170,46,10,42
73,66,0,60
174,94,90,35
157,4,57,222
186,26,38,7
42,77,82,150
132,19,55,78
195,1,85,108
98,84,45,65
193,10,70,193
2,70,72,117
146,86,73,201
160,71,85,55
44,46,28,229
117,94,74,198
39,62,89,16
184,45,9,115
78,32,99,180
11,83,34,227
71,70,30,113
143,67,29,96
1,51,13,63
162,23,67,126
44,99,58,150
59,64,98,211
154,74,12,128
139,51,84,31
168,71,54,19
162,19,58,220
15,77,92,19
9,83,6,28
53,29,75,207
107,16,88,104
17,90,49,95
190,63,84,60
172,37,79,112
92,56,72,153
108,83,91,55
36,99,65,85
106,46,77,190
109,81,15,128
176,82,5,135
16,25,83,85
88,88,69,232
62,29,94,100
185,56,43,15
63,89,14,185
5,54,68,173
55,12,78,181
123,57,54,32
82,47,66,74
181,5,91,106
111,37,66,155
76,14,54,121
76,86,1,207
38,72,60,199
83,35,34,27
158,44,46,196
102,53,87,21
157,84,36,158
104,65,99,114
79,56,20,65
7,43,66,105
76,50,63,110
146,16,2,7
125,44,35,221
182,69,51,2
137,50,45,114
31,2,44,133
156,71,91,114
65,72,76,206
154,77,72,119
35,82,56,160
62,24,77,10
186,33,25,41
75,28,76,135
34,96,29,78
107,85,63,64
75,50,20,86
46,8,62,47
6,62,40,32
134,6,54,108
158,87,60,146
107,97,94,115
190,50,48,186
93,42,44,123
157,67,52,132
102,92,60,3
52,76,58,55
139,40,41,132
123,96,82,228
133,38,5,213
178,66,55,192
69,78,50,237
98,37,4,155
123,73,32,137
182,40,75,48
1,80,70,182
22,6,76,143
83,80,94,190
20,60,23,236
59,93,29,161
142,41,81,213
119,9,29,102
81,24,100,132
173,65,61,11
134,87,45,64
56,1,5,30
48,8,76,172
134,93,50,195
35,28,74,169
100,38,31,174
143,38,94,56
35,2,10,225
57,75,15,120
173,96,91,53
58,78,49,67
152,16,90,209
58,84,12,156
102,64,12,44
98,30,70,192
3,49,89,209
10,81,57,168
164,94,81,16
69,5,100,60
170,21,53,158
13,23,47,174
98,81,13,18
16,2,34,152
196,55,19,216
186,70,24,156
38,23,53,165
135,56,40,92
185,89,93,117
198,44,40,69
18,18,94,18
105,12,6,217
57,64,74,147
91,41,29,188
75,28,15,124
143,34,5,143
106,46,85,6
196,19,25,189
194,52,18,217
45,83,37,77
45,88,52,48
124,89,31,233
73,1,2,153
116,66,74,233
186,83,53,70
162,17,88,97
139,3,76,100
21,78,31,177
140,9,44,140
176,41,33,166
7,85,35,94
1,97,78,152
76,40,37,194
182,52,100,62
178,77,99,54
166,29,97,5
